,job,job_link,company,company_link
0,Field Coordinator (national position),https://www.jobsnepal.com/job/field-coordinator-national-position/115606,Winrock International-Hamro Samman,https://www.jobsnepal.com/employer/winrock-international-hamro-samman/8360
1,CTIP Coordinator (national position),https://www.jobsnepal.com/job/ctip-coordinator-national-position/115609,Winrock International-Hamro Samman,https://www.jobsnepal.com/employer/winrock-international-hamro-samman/8360
2,डोटेली कलाकारहरुको आवश्यकता,https://www.jobsnepal.com/job/equal-access/115612,Equal Access,https://www.jobsnepal.com/employer/equal-access/1157
3,Warehouse Manager/ Assistant Manager/ Warehouse Supervisor,https://www.jobsnepal.com/job/warehouse-manager-assistant-manager-warehouse-supervisor/115611,Galaxy Incorporation,https://www.jobsnepal.com/employer/galaxy-incorporation/11692
4,Department In-charge,https://www.jobsnepal.com/job/department-in-charge/115610,Galaxy Incorporation,https://www.jobsnepal.com/employer/galaxy-incorporation/11692
5,Finance Associate,https://www.jobsnepal.com/job/finance-associate/115605,ANSAB,https://www.jobsnepal.com/employer/ansab/1860
6,Veterinary Officer,https://www.jobsnepal.com/job/veterinary-officer/115604,Donkey Sanctuary & Brooke,https://www.jobsnepal.com/employer/donkey-sanctuary-brooke/11498
7,Request for Quotation,https://www.jobsnepal.com/job/request-for-quotation/115603,S.W. Nepal Pvt. Ltd.,https://www.jobsnepal.com/employer/s-w-nepal-pvt-ltd/10018
8,Software Engineer (AI Specialist),https://www.jobsnepal.com/job/software-engineer-ai-specialist/115602,Bent Ray Technologies,https://www.jobsnepal.com/employer/bent-ray-technologies/6360
9,ASP.NET Programmer,https://www.jobsnepal.com/job/asp-net-programmer/115601,Bent Ray Technologies,https://www.jobsnepal.com/employer/bent-ray-technologies/6360
10,iOS Developers,https://www.jobsnepal.com/job/ios-developers/115600,SmartMobe Solutions Pvt. Ltd.,https://www.jobsnepal.com/employer/smartmobe-solutions-pvt-ltd/8070
11,Sr. PHP Programmer,https://www.jobsnepal.com/job/sr-php-programmer/115599,Bent Ray Technologies,https://www.jobsnepal.com/employer/bent-ray-technologies/6360
12,Sales Associates/ Cashier,https://www.jobsnepal.com/job/sales-associates-cashier/115607,Galaxy Incorporation,https://www.jobsnepal.com/employer/galaxy-incorporation/11692
13,Retail Store Manager/ Asst. Manager,https://www.jobsnepal.com/job/retail-store-manager-asst-manager/115608,Galaxy Incorporation,https://www.jobsnepal.com/employer/galaxy-incorporation/11692
14,Senior QA Analyst,https://www.jobsnepal.com/job/senior-qa-analyst/115598,Synergy Info Systems (SIS),https://www.jobsnepal.com/employer/synergy-info-systems-sis/1303
15,Implementation Coordinator,https://www.jobsnepal.com/job/implementation-coordinator/115597,TPO Nepal,https://www.jobsnepal.com/employer/tpo-nepal/1854
16,Health Systems Strengthening Advisor (Senior Technical Advisor 1),https://www.jobsnepal.com/job/health-systems-strengthening-advisor-senior-technical-advisor-1/115596,RTI International,https://www.jobsnepal.com/employer/rti-international/7155
17,Backend and Frontend Developer PHP Requirement,https://www.jobsnepal.com/job/backend-and-frontend-developer-php-requirement/115595,T,https://www.jobsnepal.com/employer/t/11691
18,वरिष्ठ सहायक,https://www.jobsnepal.com/job/rastra-utthan-laghubitta-bittiya-sanstha-limited/115594,RASTRA UTTHAN LAGHUBITTA BITTIYA SANSTHA LIMITED,https://www.jobsnepal.com/employer/rastra-utthan-laghubitta-bittiya-sanstha-limited/11689
19,PHP Developer,https://www.jobsnepal.com/job/php-developer/115591,Smart Solutions,https://www.jobsnepal.com/employer/smart-solutions/2936
20,Manager/Marketing and Public Relation Officer/Assistant Officer – Business development/Account ass,https://www.jobsnepal.com/job/manager-marketing-and-public-relation-officer-assistant-officer-business-development-account-ass/115590,Needs Nepal,https://www.jobsnepal.com/employer/needs-nepal/11352
21,सिलबन्दी बोलपत्र आव्हानको सुचना,https://www.jobsnepal.com/job/bagmati-welfare-society-nepal-bwsn/115589,Bagmati Welfare Society Nepal(BWSN),https://www.jobsnepal.com/employer/bagmati-welfare-society-nepal-bwsn/7893
22,Financial Analyst - Corporate Advisory,https://www.jobsnepal.com/job/financial-analyst-corporate-advisory/115592,AD Capital Group,https://www.jobsnepal.com/employer/ad-capital-group/11571
23,Teller Cum Customer Service,https://www.jobsnepal.com/job/teller-cum-customer-service/115588,Synergy Saving & Credit Cooperative,https://www.jobsnepal.com/employer/synergy-saving-credit-cooperative/9665
24,Project Manager,https://www.jobsnepal.com/job/project-manager/115587,Palm Mind IT Consultancy,https://www.jobsnepal.com/employer/palm-mind-it-consultancy/11687
25,PHP/ANDROID Developers,https://www.jobsnepal.com/job/php-android-developers/115586,Milestone Software Pvt.Ltd,https://www.jobsnepal.com/employer/milestone-software-pvt-ltd/3207
26,IT Officer,https://www.jobsnepal.com/job/it-officer/115585,"Mid-west Academy and Research Institute, Campus of Live Sciences",https://www.jobsnepal.com/employer/mid-west-academy-and-research-institute-campus-of-live-sciences/11688
27,Agro-Farm Manager,https://www.jobsnepal.com/job/agro-farm-manager/115584,"Mid-west Academy and Research Institute, Campus of Live Sciences",https://www.jobsnepal.com/employer/mid-west-academy-and-research-institute-campus-of-live-sciences/11688
28,Assistant Campus Chief,https://www.jobsnepal.com/job/assistant-campus-chief/115583,"Mid-west Academy and Research Institute, Campus of Live Sciences",https://www.jobsnepal.com/employer/mid-west-academy-and-research-institute-campus-of-live-sciences/11688
29,Private Sector Engagement (PSE) expert,https://www.jobsnepal.com/job/private-sector-engagement-pse-expert/115582,SNV Nepal,https://www.jobsnepal.com/employer/snv-nepal/10435
30,Admin & Finance Assistant,https://www.jobsnepal.com/job/admin-finance-assistant/115578,Pokhara Trade Mall & Housing Pvt.Ltd.,https://www.jobsnepal.com/employer/pokhara-trade-mall-housing-pvt-ltd/11685
31,Senior Technical Specialist,https://www.jobsnepal.com/job/senior-technical-specialist/115579,FHI 360 Nepal,https://www.jobsnepal.com/employer/fhi-360-nepal/299
32,Invitation For Bids,https://www.jobsnepal.com/job/invitation-for-bids/115580,Restless Development,https://www.jobsnepal.com/employer/restless-development/6502
33,Sr.Software Engineers,https://www.jobsnepal.com/job/sr-software-engineers/115577,Ambarkaar Software Pvt. Ltd.,https://www.jobsnepal.com/employer/ambarkaar-software-pvt-ltd/9372
34,Commi Chefs,https://www.jobsnepal.com/job/commi-chefs/115576,The Vesper Cafe & Restaurant P. Ltd.,https://www.jobsnepal.com/employer/the-vesper-cafe-restaurant-p-ltd/8102
35,Consultancy Opportunity,https://www.jobsnepal.com/job/consultancy-opportunity/115575,Handicap International,https://www.jobsnepal.com/employer/handicap-international/11119
36,Finance Assistant,https://www.jobsnepal.com/job/finance-assistant/115574,"CRS, Nepal",https://www.jobsnepal.com/employer/crs-nepal/9112
37,Consultancy for preparing video documentary on forum theatre on flash flood response project,https://www.jobsnepal.com/job/consultancy-for-preparing-video-documentary-on-forum-theatre-on-flash-flood-response-project/115581,Oxfam in Nepal,https://www.jobsnepal.com/employer/oxfam-in-nepal/7963
38,Front Office Associate,https://www.jobsnepal.com/job/front-office-associate/115571,DAI,https://www.jobsnepal.com/employer/dai/9362
39,Law and Policy Specialist,https://www.jobsnepal.com/job/law-and-policy-specialist/115572,DAI,https://www.jobsnepal.com/employer/dai/9362
40,Organizational Development Specialist,https://www.jobsnepal.com/job/organizational-development-specialist/115573,DAI,https://www.jobsnepal.com/employer/dai/9362
41,Request for sealed quotation,https://www.jobsnepal.com/job/request-for-sealed-quotation/115569,One Heart Worldwide,https://www.jobsnepal.com/employer/one-heart-worldwide/7889
42,Control Room Officer,https://www.jobsnepal.com/job/control-room-officer/115570,GEMS School,https://www.jobsnepal.com/employer/gems-school/8398
43,Expression of Interest,https://www.jobsnepal.com/job/expression-of-interest/115567,Good Neighbors Japan,https://www.jobsnepal.com/employer/good-neighbors-japan/10155
44,Consultancy Service For UPR Submission Report,https://www.jobsnepal.com/job/consultancy-service-for-upr-submission-report/115566,Nepal National Dalit Social Welfare Organization (NNDSWO),https://www.jobsnepal.com/employer/nepal-national-dalit-social-welfare-organization-nndswo/10514
45,Program and Documentation Specialist,https://www.jobsnepal.com/job/program-and-documentation-specialist/115568,FHI 360 Nepal,https://www.jobsnepal.com/employer/fhi-360-nepal/299
46,Medical Officer,https://www.jobsnepal.com/job/medical-officer/115551,International Nepal Fellowship,https://www.jobsnepal.com/employer/international-nepal-fellowship/450
47,Admin Finance Manager,https://www.jobsnepal.com/job/admin-finance-manager/115565,Nepal National Dalit Social Welfare Organization (NNDSWO),https://www.jobsnepal.com/employer/nepal-national-dalit-social-welfare-organization-nndswo/10514
48,Repair & Maintenance Coordinator,https://www.jobsnepal.com/job/repair-maintenance-coordinator/115564,Kopila Valley Sewa Samaj,https://www.jobsnepal.com/employer/kopila-valley-sewa-samaj/11683
49,SENIOR ACCOUNTANT,https://www.jobsnepal.com/job/senior-accountant/115563,Moon Sun Travels & Tours Pvt. Ltd.,https://www.jobsnepal.com/employer/moon-sun-travels-tours-pvt-ltd/10116
50,ADMINISTRATION OFFICER,https://www.jobsnepal.com/job/administration-officer/115562,Moon Sun Travels & Tours Pvt. Ltd.,https://www.jobsnepal.com/employer/moon-sun-travels-tours-pvt-ltd/10116
51,SALES & MARKETING OFFICER,https://www.jobsnepal.com/job/sales-marketing-officer/115561,Moon Sun Travels & Tours Pvt. Ltd.,https://www.jobsnepal.com/employer/moon-sun-travels-tours-pvt-ltd/10116
52,"PHP, IOS and Android Developer (URGENTLY REQUIRED)",https://www.jobsnepal.com/job/php-ios-and-android-developer-urgently-required/115560,UNIGLOBE SOLUTIONS,https://www.jobsnepal.com/employer/uniglobe-solutions/10537
53,Waiter/Senior Cook (Overall)/Receptionist,https://www.jobsnepal.com/job/waiter-senior-cook-overall-receptionist/115559,Trishuli Beach Resort,https://www.jobsnepal.com/employer/trishuli-beach-resort/11466
54,District Coordinator,https://www.jobsnepal.com/job/district-coordinator/115558,Aasaman Nepal,https://www.jobsnepal.com/employer/aasaman-nepal/8171
55,Request for proposals,https://www.jobsnepal.com/job/request-for-proposals/115557,Institute for Social and Environmental Transition-Nepal,https://www.jobsnepal.com/employer/institute-for-social-and-environmental-transition-nepal/11201
56,Documentation of Livelihood and WASH Earthquake Recovery Project,https://www.jobsnepal.com/job/documentation-of-livelihood-and-wash-earthquake-recovery-project/115556,Janahit Gramin Sewa Samittee,https://www.jobsnepal.com/employer/janahit-gramin-sewa-samittee/8940
57,Field Supervisor,https://www.jobsnepal.com/job/field-supervisor/115555,Rolling Plans Pvt Ltd,https://www.jobsnepal.com/employer/rolling-plans-pvt-ltd/2482
58,PROJECT OFFICER (M&E and GESI),https://www.jobsnepal.com/job/project-officer-m-e-and-gesi/115554,PRACTICAL ACTION,https://www.jobsnepal.com/employer/practical-action/467
59,AWS Developer,https://www.jobsnepal.com/job/aws-developer/115553,HLE Nepal,https://www.jobsnepal.com/employer/hle-nepal/11452
60,Front End Developer,https://www.jobsnepal.com/job/front-end-developer/115552,Tekvortex Pvt. Ltd.,https://www.jobsnepal.com/employer/tekvortex-pvt-ltd/7600
61,Volunteer Team Leaders,https://www.jobsnepal.com/job/volunteer-team-leaders/115550,Restless Development,https://www.jobsnepal.com/employer/restless-development/6502
62,Project Coordinator ( For Lalitpur),https://www.jobsnepal.com/job/project-coordinator-for-lalitpur/115548,Prerana,https://www.jobsnepal.com/employer/prerana/8309
63,Project Coordinator (For Sarlahi),https://www.jobsnepal.com/job/project-coordinator-for-sarlahi/115547,Prerana,https://www.jobsnepal.com/employer/prerana/8309
64,SEO Expert,https://www.jobsnepal.com/job/seo-expert/115546,VIS Nepal,https://www.jobsnepal.com/employer/vis-nepal/6759
65,Financial Controller Nepal,https://www.jobsnepal.com/job/financial-controller-nepal/115545,British Council,https://www.jobsnepal.com/employer/british-council/451
66,CA/Sr. Account Manager,https://www.jobsnepal.com/job/ca-sr-account-manager/115543,music nepal,https://www.jobsnepal.com/employer/music-nepal/2258
67,.NET Developer,https://www.jobsnepal.com/job/net-developer/115542,Raindrop Inc,https://www.jobsnepal.com/employer/raindrop-inc/11357
68,Accountant,https://www.jobsnepal.com/job/accountant/115541,Raindrop Inc,https://www.jobsnepal.com/employer/raindrop-inc/11357
69,Financial and Policy Advisor - Team Leader,https://www.jobsnepal.com/job/financial-and-policy-advisor-team-leader/115540,SNV Nepal,https://www.jobsnepal.com/employer/snv-nepal/10435
70,Front-end Developer,https://www.jobsnepal.com/job/front-end-developer/115538,Branding Bee Pvt. Ltd.,https://www.jobsnepal.com/employer/branding-bee-pvt-ltd/11678
71,Snr. WordPress Engineer,https://www.jobsnepal.com/job/snr-wordpress-engineer/115536,Global Digital,https://www.jobsnepal.com/employer/global-digital/8066
72,Consultancy for Setting up Monitoring and Evaluation System,https://www.jobsnepal.com/job/consultancy-for-setting-up-monitoring-and-evaluation-system/115535,Asha Nepal,https://www.jobsnepal.com/employer/asha-nepal/11677
73,Senior DevOps with K8s Experience.,https://www.jobsnepal.com/job/senior-devops-with-k8s-experience/115534,NepalLink,https://www.jobsnepal.com/employer/nepallink/1475
74,UI/UX Developer / Frontend Developer,https://www.jobsnepal.com/job/ui-ux-developer-frontend-developer/115539,Orgware Construct Pvt Ltd,https://www.jobsnepal.com/employer/orgware-construct-pvt-ltd/10009
75,"Knowledge Management, Monitoring and Evaluation Expert /Gender and Inclusive Governance Expert",https://www.jobsnepal.com/job/knowledge-management-monitoring-and-evaluation-expert-gender-and-inclusive-governance-expert/115537,JuRI-Nepal,https://www.jobsnepal.com/employer/juri-nepal/11675
76,Marketing Assistant,https://www.jobsnepal.com/job/marketing-assistant/115533,Nepal Sustainable Travel,https://www.jobsnepal.com/employer/nepal-sustainable-travel/10751
77,"Chief of Party, Karnali Water Security Activity (KAWAS)",https://www.jobsnepal.com/job/chief-of-party-karnali-water-security-activity-kawas/115531,SNV Nepal,https://www.jobsnepal.com/employer/snv-nepal/10435
78,Project Coordinator/Admin and Finance Officer,https://www.jobsnepal.com/job/project-coordinator-admin-and-finance-officer/115530,Grow Nepal Social Enterprise Private Limited,https://www.jobsnepal.com/employer/grow-nepal-social-enterprise-private-limited/11467
79,Front Desk Officer,https://www.jobsnepal.com/job/front-desk-officer/115529,music nepal,https://www.jobsnepal.com/employer/music-nepal/2258
80,Junior Accountant,https://www.jobsnepal.com/job/junior-accountant/115528,JobsNepal.com Direct Recruitment Service,https://www.jobsnepal.com/employer/jobsnepal-com-direct-recruitment-service/355
81,Video Editor,https://www.jobsnepal.com/job/video-editor/115527,Riya Advertising,https://www.jobsnepal.com/employer/riya-advertising/10558
82,Passionate GoLang and C/C++ Engineer,https://www.jobsnepal.com/job/passionate-golang-and-c-c-engineer/115526,BerryBytes,https://www.jobsnepal.com/employer/berrybytes/11604
83,Office Executive Cum Accountant,https://www.jobsnepal.com/job/office-executive-cum-accountant/115525,JobsNepal.com Direct Recruitment Service,https://www.jobsnepal.com/employer/jobsnepal-com-direct-recruitment-service/355
84,HR Assistant,https://www.jobsnepal.com/job/hr-assistant/115524,JobsNepal.com Direct Recruitment Service,https://www.jobsnepal.com/employer/jobsnepal-com-direct-recruitment-service/355
85,SEO Expert,https://www.jobsnepal.com/job/seo-expert/115523,VIS Nepal,https://www.jobsnepal.com/employer/vis-nepal/6759
86,Tour Officer,https://www.jobsnepal.com/job/tour-officer/115522,Dharma Adventures,https://www.jobsnepal.com/employer/dharma-adventures/1141
87,Receptionist/Front Desk Officer,https://www.jobsnepal.com/job/receptionist-front-desk-officer/115521,JobsNepal.com Direct Recruitment Service,https://www.jobsnepal.com/employer/jobsnepal-com-direct-recruitment-service/355
88,Sales & Marketing Officer,https://www.jobsnepal.com/job/sales-marketing-officer/115520,JobsNepal.com Direct Recruitment Service,https://www.jobsnepal.com/employer/jobsnepal-com-direct-recruitment-service/355
89,Accountant,https://www.jobsnepal.com/job/accountant/115518,JobsNepal.com Direct Recruitment Service,https://www.jobsnepal.com/employer/jobsnepal-com-direct-recruitment-service/355
90,Front Desk/ Secretarial,https://www.jobsnepal.com/job/front-desk-secretarial/115517,Gateway Payment Services Pvt. Ltd,https://www.jobsnepal.com/employer/gateway-payment-services-pvt-ltd/11671
91,Accountant and Administration,https://www.jobsnepal.com/job/accountant-and-administration/115516,Gateway Payment Services Pvt. Ltd,https://www.jobsnepal.com/employer/gateway-payment-services-pvt-ltd/11671
92,Sales Manager,https://www.jobsnepal.com/job/sales-manager/115515,Ibestjob Pvt Ltd,https://www.jobsnepal.com/employer/ibestjob-pvt-ltd/11487
93,Marketing Officer,https://www.jobsnepal.com/job/marketing-officer/115514,Gateway Payment Services Pvt. Ltd,https://www.jobsnepal.com/employer/gateway-payment-services-pvt-ltd/11671
94,DataBase Engineer- Trainee,https://www.jobsnepal.com/job/database-engineer-trainee/115513,Sage Nepal Private Limited,https://www.jobsnepal.com/employer/sage-nepal-private-limited/11668
95,DataBase Engineer- Associate,https://www.jobsnepal.com/job/database-engineer-associate/115512,Sage Nepal Private Limited,https://www.jobsnepal.com/employer/sage-nepal-private-limited/11668
96,Sr. Laravel Developer,https://www.jobsnepal.com/job/sr-laravel-developer/115509,Innology Solution Pvt. Ltd.,https://www.jobsnepal.com/employer/innology-solution-pvt-ltd/11340
97,HR Assistant/ Office Administrator,https://www.jobsnepal.com/job/hr-assistant-office-administrator/115508,Smart Solutions,https://www.jobsnepal.com/employer/smart-solutions/2936
98,Mid/Senior PHP Developer,https://www.jobsnepal.com/job/mid-senior-php-developer/115507,ThemeGrill Pvt Ltd,https://www.jobsnepal.com/employer/themegrill-pvt-ltd/8542
99,Mathematics Teacher,https://www.jobsnepal.com/job/mathematics-teacher/115511,Prime college,https://www.jobsnepal.com/employer/prime-college/8269
100,WordPress Expert,https://www.jobsnepal.com/job/wordpress-expert/115506,VIS Nepal,https://www.jobsnepal.com/employer/vis-nepal/6759
101,Scanning/DataEntry & File Management Operator,https://www.jobsnepal.com/job/scanning-dataentry-file-management-operator/115505,Nyatapol Technologies Pvt Ltd,https://www.jobsnepal.com/employer/nyatapol-technologies-pvt-ltd/4698
102,Network Administrator,https://www.jobsnepal.com/job/network-administrator/115504,GEMS School,https://www.jobsnepal.com/employer/gems-school/8398
103,Recruitment Specialist,https://www.jobsnepal.com/job/recruitment-specialist/115503,HLE Nepal,https://www.jobsnepal.com/employer/hle-nepal/11452
104,Loan Processing Specialist,https://www.jobsnepal.com/job/loan-processing-specialist/115502,HLE Nepal,https://www.jobsnepal.com/employer/hle-nepal/11452
105,HR Assistant,https://www.jobsnepal.com/job/hr-assistant/115501,HLE Nepal,https://www.jobsnepal.com/employer/hle-nepal/11452
106,Business Analyst,https://www.jobsnepal.com/job/business-analyst/115500,HLE Nepal,https://www.jobsnepal.com/employer/hle-nepal/11452
107,Assistant - Ticketing Executive,https://www.jobsnepal.com/job/assistant-ticketing-executive/115497,Dharma Adventures,https://www.jobsnepal.com/employer/dharma-adventures/1141
108,QA Engineer,https://www.jobsnepal.com/job/qa-engineer/115496,F1Soft International Pvt Ltd.,https://www.jobsnepal.com/employer/f1soft-international-pvt-ltd/7866
109,Associate QA Engineer,https://www.jobsnepal.com/job/associate-qa-engineer/115495,F1Soft International Pvt Ltd.,https://www.jobsnepal.com/employer/f1soft-international-pvt-ltd/7866
110,Laravel Developer Trainee,https://www.jobsnepal.com/job/laravel-developer-trainee/115493,Build Change,https://www.jobsnepal.com/employer/build-change/9055
111,WordPress Developer,https://www.jobsnepal.com/job/wordpress-developer/115491,Tekkon Technologies,https://www.jobsnepal.com/employer/tekkon-technologies/10859
112,Program Associate,https://www.jobsnepal.com/job/program-associate/115485,Think Aloud,https://www.jobsnepal.com/employer/think-aloud/11617
113,Marketing Executives,https://www.jobsnepal.com/job/marketing-executives/115482,JobsNepal.com Direct Recruitment Service,https://www.jobsnepal.com/employer/jobsnepal-com-direct-recruitment-service/355
114,Account Officer,https://www.jobsnepal.com/job/account-officer/115478,JobsNepal.com Direct Recruitment Service,https://www.jobsnepal.com/employer/jobsnepal-com-direct-recruitment-service/355
115,Marketing Officer,https://www.jobsnepal.com/job/marketing-officer/115476,Cherry World Communication Pvt Ltd,https://www.jobsnepal.com/employer/cherry-world-communication-pvt-ltd/11662
116,Software Engineer (Dot Net Core) Senior /  Junior,https://www.jobsnepal.com/job/software-engineer-dot-net-core-senior-junior/115475,Help Inc,https://www.jobsnepal.com/employer/help-inc/11503
117,Software Quality Analyst,https://www.jobsnepal.com/job/software-quality-analyst/115469,Tekvortex Pvt. Ltd.,https://www.jobsnepal.com/employer/tekvortex-pvt-ltd/7600
118,ASP.Net Core Developer,https://www.jobsnepal.com/job/asp-net-core-developer/115465,UBA Solutions Pvt. Ltd.,https://www.jobsnepal.com/employer/uba-solutions-pvt-ltd/2630
119,Software Engineering,https://www.jobsnepal.com/job/software-engineering/115463,Ambarkaar Software Pvt. Ltd.,https://www.jobsnepal.com/employer/ambarkaar-software-pvt-ltd/9372
120,Team Lead - Senior .Net Developer,https://www.jobsnepal.com/job/team-lead-senior-net-developer/115462,Verisk Nepal Pvt. Ltd.,https://www.jobsnepal.com/employer/verisk-nepal-pvt-ltd/9531
121,Mid Level Java Developer,https://www.jobsnepal.com/job/mid-level-java-developer/115461,Verisk Nepal Pvt. Ltd.,https://www.jobsnepal.com/employer/verisk-nepal-pvt-ltd/9531
122,UX/UI Designer,https://www.jobsnepal.com/job/ux-ui-designer/115458,NAXA,https://www.jobsnepal.com/employer/naxa/9898
123,UI/UX Designer,https://www.jobsnepal.com/job/ui-ux-designer/115456,LIS Nepal Pvt. Ltd. (Sister Concern of Yomari Group of Companies),https://www.jobsnepal.com/employer/lis-nepal-pvt-ltd-sister-concern-of-yomari-group-of-companies/8922
124,Architect/Civil Engineer,https://www.jobsnepal.com/job/architect-civil-engineer/115455,ND engineering Consultancy Pvt. Ltd.,https://www.jobsnepal.com/employer/nd-engineering-consultancy-pvt-ltd/10719
125,Software QA Expert,https://www.jobsnepal.com/job/software-qa-expert/115453,Shangrila Microsystem Pvt.Ltd.,https://www.jobsnepal.com/employer/shangrila-microsystem-pvt-ltd/5206
126,System/Network Support Engineer,https://www.jobsnepal.com/job/system-network-support-engineer/115451,Shangrila Microsystem Pvt.Ltd.,https://www.jobsnepal.com/employer/shangrila-microsystem-pvt-ltd/5206
127,iOSDeveloper,https://www.jobsnepal.com/job/iosdeveloper/115447,Shiran Technologies,https://www.jobsnepal.com/employer/shiran-technologies/7662
128,UI/UX Designer,https://www.jobsnepal.com/job/ui-ux-designer/115445,Shangrila Microsystem Pvt.Ltd.,https://www.jobsnepal.com/employer/shangrila-microsystem-pvt-ltd/5206
129,Mid J2EE / Java Developer,https://www.jobsnepal.com/job/mid-j2ee-java-developer/115441,IGC Technology Pvt. Ltd.,https://www.jobsnepal.com/employer/igc-technology-pvt-ltd/11052
130,Documentation Expert,https://www.jobsnepal.com/job/documentation-expert/115438,Shangrila Microsystem Pvt.Ltd.,https://www.jobsnepal.com/employer/shangrila-microsystem-pvt-ltd/5206
131,Software Engineer (.Net),https://www.jobsnepal.com/job/software-engineer-net/115437,Shangrila Microsystem Pvt.Ltd.,https://www.jobsnepal.com/employer/shangrila-microsystem-pvt-ltd/5206
132,Software Architect,https://www.jobsnepal.com/job/software-architect/115436,Tekkon Technologies,https://www.jobsnepal.com/employer/tekkon-technologies/10859
133,Communications and Knowledge Management Specialist Consultant,https://www.jobsnepal.com/job/communications-and-knowledge-management-specialist-consultant/115433,CAMRIS International,https://www.jobsnepal.com/employer/camris-international/9296
134,Administrator,https://www.jobsnepal.com/job/administrator/115416,VA Group,https://www.jobsnepal.com/employer/va-group/9975
135,Android Developer / Paid Interns,https://www.jobsnepal.com/job/android-developer-paid-interns/115415,IT@Himalaya Pvt. Ltd.,https://www.jobsnepal.com/employer/it-himalaya-pvt-ltd/887
136,UI/UX Designer,https://www.jobsnepal.com/job/ui-ux-designer/115403,Inficare Pvt Ltd,https://www.jobsnepal.com/employer/inficare-pvt-ltd/2011
137,Sr. VUE JS Developer,https://www.jobsnepal.com/job/sr-vue-js-developer/115409,Shiran Technologies,https://www.jobsnepal.com/employer/shiran-technologies/7662
138,Business Analyst,https://www.jobsnepal.com/job/business-analyst/115408,Cogent Healthcare Pvt Ltd,https://www.jobsnepal.com/employer/cogent-healthcare-pvt-ltd/11083
139,Staff Physician (Medical Officer),https://www.jobsnepal.com/job/staff-physician-medical-officer/115406,Possible,https://www.jobsnepal.com/employer/possible/10948
140,Sr. Laravel Backend Developer,https://www.jobsnepal.com/job/sr-laravel-backend-developer/115405,Shiran Technologies,https://www.jobsnepal.com/employer/shiran-technologies/7662
141,"Internship (Animation, Content Writing, Video Jockeying, Web Development)",https://www.jobsnepal.com/job/internship-animation-content-writing-video-jockeying-web-development/115404,Rillmark Pvt. Ltd.,https://www.jobsnepal.com/employer/rillmark-pvt-ltd/7932
142,Sr. QA/QC,https://www.jobsnepal.com/job/sr-qa-qc/115402,Dryice Solutions Pvt. Ltd.,https://www.jobsnepal.com/employer/dryice-solutions-pvt-ltd/8383
143,Store Sales Person,https://www.jobsnepal.com/job/store-sales-person/115400,JobsNepal.com Direct Recruitment Service,https://www.jobsnepal.com/employer/jobsnepal-com-direct-recruitment-service/355
144,Dot Net Developer-Senior,https://www.jobsnepal.com/job/dot-net-developer-senior/115399,Prabhavana Information Technologies Pvt. Ltd.,https://www.jobsnepal.com/employer/prabhavana-information-technologies-pvt-ltd/11659
145,Android Developer,https://www.jobsnepal.com/job/android-developer/115389,Inficare Pvt Ltd,https://www.jobsnepal.com/employer/inficare-pvt-ltd/2011
146,QA Automation Engineer,https://www.jobsnepal.com/job/qa-automation-engineer/115386,UBA Solutions Pvt. Ltd.,https://www.jobsnepal.com/employer/uba-solutions-pvt-ltd/2630
147,Software Architect,https://www.jobsnepal.com/job/software-architect/115385,UBA Solutions Pvt. Ltd.,https://www.jobsnepal.com/employer/uba-solutions-pvt-ltd/2630
148,Front-end Developer,https://www.jobsnepal.com/job/front-end-developer/115382,Clusus Information Solutions Pvt Ltd,https://www.jobsnepal.com/employer/clusus-information-solutions-pvt-ltd/10035
149,PHP Developer,https://www.jobsnepal.com/job/php-developer/115372,Tekkon Technologies,https://www.jobsnepal.com/employer/tekkon-technologies/10859
150,C# .NET Developer,https://www.jobsnepal.com/job/c-net-developer/115371,Tekvortex Pvt. Ltd.,https://www.jobsnepal.com/employer/tekvortex-pvt-ltd/7600
151,Full Stack Website Developer,https://www.jobsnepal.com/job/full-stack-website-developer/115367,Pedal Group,https://www.jobsnepal.com/employer/pedal-group/11643
152,Application Support Engineer,https://www.jobsnepal.com/job/application-support-engineer/115360,Tekvortex Pvt. Ltd.,https://www.jobsnepal.com/employer/tekvortex-pvt-ltd/7600
153,Front Desk Sales and Service Representative (FDSR),https://www.jobsnepal.com/job/front-desk-sales-and-service-representative-fdsr/115357,The Vesper House Pvt. Ltd.,https://www.jobsnepal.com/employer/the-vesper-house-pvt-ltd/7224
154,UI/UX Designer,https://www.jobsnepal.com/job/ui-ux-designer/115354,Verisk Nepal Pvt. Ltd.,https://www.jobsnepal.com/employer/verisk-nepal-pvt-ltd/9531
155,Web Designer,https://www.jobsnepal.com/job/web-designer/115346,View9 Pvt. Ltd.,https://www.jobsnepal.com/employer/view9-pvt-ltd/7744
156,Business Development Assistant,https://www.jobsnepal.com/job/business-development-assistant/115345,F1Soft International Pvt Ltd.,https://www.jobsnepal.com/employer/f1soft-international-pvt-ltd/7866
157,Data Analyst Executive,https://www.jobsnepal.com/job/data-analyst-executive/115343,F1Soft International Pvt Ltd.,https://www.jobsnepal.com/employer/f1soft-international-pvt-ltd/7866
158,Associate Software Engineer,https://www.jobsnepal.com/job/associate-software-engineer/115341,F1Soft International Pvt Ltd.,https://www.jobsnepal.com/employer/f1soft-international-pvt-ltd/7866
159,REQUESTS FOR APPLICATIONS,https://www.jobsnepal.com/job/requests-for-applications/115339,Winrock International-Hamro Samman,https://www.jobsnepal.com/employer/winrock-international-hamro-samman/8360
160,Merchant Officer,https://www.jobsnepal.com/job/merchant-officer/115336,eSewa Fonepay Pvt. Ltd.,https://www.jobsnepal.com/employer/esewa-fonepay-pvt-ltd/9394
161,Groovy and Grails Developer,https://www.jobsnepal.com/job/groovy-and-grails-developer/115335,Dryice Solutions Pvt. Ltd.,https://www.jobsnepal.com/employer/dryice-solutions-pvt-ltd/8383
162,Correspondence Executive,https://www.jobsnepal.com/job/correspondence-executive/115328,Dharma Adventures,https://www.jobsnepal.com/employer/dharma-adventures/1141
163,Assistant - Marketing Executive,https://www.jobsnepal.com/job/assistant-marketing-executive/115327,Dharma Adventures,https://www.jobsnepal.com/employer/dharma-adventures/1141
164,Sales and Marketing Officer,https://www.jobsnepal.com/job/sales-and-marketing-officer/115326,Suvidha Sewa Pvt. Ltd.,https://www.jobsnepal.com/employer/suvidha-sewa-pvt-ltd/7533
165,Assistant Manager Operations,https://www.jobsnepal.com/job/assistant-manager-operations/115325,Dharma Adventures,https://www.jobsnepal.com/employer/dharma-adventures/1141
166,ASP.NET Developer MVC,https://www.jobsnepal.com/job/asp-net-developer-mvc/115324,Purbey Software Pvt. Ltd.,https://www.jobsnepal.com/employer/purbey-software-pvt-ltd/9451
167,Product Manager/Assistant Manager/Officer - (Retail Store/Antivirus/Lifestyle Products),https://www.jobsnepal.com/job/product-manager-assistant-manager-officer-retail-store-antivirus-lifestyle-products/115322,Sagar Group,https://www.jobsnepal.com/employer/sagar-group/8050
168,Director/Assistant Director/Manager - Technical,https://www.jobsnepal.com/job/director-assistant-director-manager-technical/115321,Sagar Group,https://www.jobsnepal.com/employer/sagar-group/8050
169,Sales and Marketing (E-commerce),https://www.jobsnepal.com/job/sales-and-marketing-e-commerce/115318,Sagar Group,https://www.jobsnepal.com/employer/sagar-group/8050
170,ERP Implementation Officer,https://www.jobsnepal.com/job/erp-implementation-officer/115317,Sagar Group,https://www.jobsnepal.com/employer/sagar-group/8050
171,Contract staff for Merchant Enrollment,https://www.jobsnepal.com/job/contract-staff-for-merchant-enrollment/115314,eSewa Fonepay Pvt. Ltd.,https://www.jobsnepal.com/employer/esewa-fonepay-pvt-ltd/9394
172,Sr. Software Engineer/Software Engineer,https://www.jobsnepal.com/job/sr-software-engineer-software-engineer/115313,Deba Jyoti Group Holding and Investment Pvt. Ltd.,https://www.jobsnepal.com/employer/deba-jyoti-group-holding-and-investment-pvt-ltd/11362
173,Marketing and Communications Officer,https://www.jobsnepal.com/job/marketing-and-communications-officer/115312,The Vesper House Pvt. Ltd.,https://www.jobsnepal.com/employer/the-vesper-house-pvt-ltd/7224
174,Event & Marketing Coordinator/ Marketing Director/Asst. Marketing Director,https://www.jobsnepal.com/job/event-marketing-coordinator-marketing-director-asst-marketing-director/115320,Sagar Group,https://www.jobsnepal.com/employer/sagar-group/8050
175,QA Engineer,https://www.jobsnepal.com/job/qa-engineer/114292,LIS Nepal Pvt. Ltd. (Sister Concern of Yomari Group of Companies),https://www.jobsnepal.com/employer/lis-nepal-pvt-ltd-sister-concern-of-yomari-group-of-companies/8922
176,Urgently needed WEB Developers & Mobile Apps Developers,https://www.jobsnepal.com/job/urgently-needed-web-developers-mobile-apps-developers/113085,SWS Pvt. Ltd.,https://www.jobsnepal.com/employer/sws-pvt-ltd/7954
177,Software QA Intern,https://www.jobsnepal.com/job/software-qa-intern/99804,Spiralogics International,https://www.jobsnepal.com/employer/spiralogics-international/5052
